"","V1"
"-SzclVP6K10.txt",2
"0qkr19UI7g0.txt",2
"1Kfd3VHiVhY.txt",5
"1nEAd6ijDSA.txt",2
"1Z3kwsUjrbo.txt",5
"5rme7dtOiy4.txt",5
"8f_iaJfv4iM.txt",5
"aBiNaro5pAU.txt",5
"ARbNmCu04Ko.txt",3
"BBwWnBIpzFQ.txt",3
"cP6kFPMaqFE.txt",1
"DE5e5zF6a-8.txt",1
"eGySFLW0qDs.txt",3
"eYS7UIUM_SQ.txt",1
"EzPoODbpxEI.txt",4
"f7bqBfUgPcc.txt",5
"fOAFWp7LQHY.txt",2
"FUUPcwtkDQw.txt",5
"GgTwa3CPrIE.txt",1
"hmJkCxazox0.txt",1
"HSA5Bq-1fU4.txt",3
"HvFcrt0-uYQ.txt",4
"hvmQ-U6OLzk.txt",4
"IsfQhK8oDzk.txt",5
"IVbeMWQ01fE.txt",5
"JwkTR5ncH-4.txt",5
"luHmXHEpF7w.txt",1
"Ml9v3wHLuWI.txt",3
"OsSDI8wWAyQ.txt",3
"oVbNDuhuAYY.txt",3
"Qt98NlE_SRo.txt",3
"sOgjdDjmQxA.txt",2
"sSOLAK33W04.txt",3
"SWqt6ZkUC8E.txt",4
"tLjtOMBWvTo.txt",5
"TqA_yt_OAIY.txt",5
"U1G08KygPVc.txt",4
"zJHyaD1psMc.txt",3
