"","Topic 1","Topic 2","Topic 3","Topic 4","Topic 5"
"1","farm","devic","realli","creat","devic"
"2","field","cloud","citi","now","time"
"3","digit","data","actual","need","actual"
"4","system","iot","park","messag","iot"
"5","technolog","talk","bit","platform","map"
"6","product","core","smart","let","data"
"7","differ","now","custom","use","hub"
"8","agricultur","time","iot","user","servic"
"9","need","connect","data","first","azur"
"10","environ","don","use","connect","use"
"11","control","use","might","token","seri"
"12","farmer","googl","build","channel","work"
"13","compani","realli","edg","start","connect"
"14","industri","sensor","world","type","allow"
"15","opportun","littl","googl","servic","abl"
"16","problem","manag","tri","command","code"
"17","think","function","partner","left","guy"
"18","bring","build","learn","communic","set"
"19","grow","pub","start","insid","api"
"20","harvest","applic","car","mainflux","demo"
"21","import","call","real","case","send"
"22","invest","end","big","exampl","button"
"23","crop","product","thank","http","show"
"24","food","someth","someth","side","today"
"25","innov","sub","idea","cli","pass"
"26","machin","show","light","help","someth"
"27","part","work","live","applic","function"
"28","small","internet","tool","turn","cool"
"29","busi","app","think","show","chart"
"30","futur","good","cloud","test","done"
"31","help","real","sort","anoth","insight"
"32","intellig","configur","year","virtual","quick"
"33","access","need","model","basic","rout"
"34","chang","fire","talk","devic","start"
"35","robot","chang","core","mqtt","call"
"36","tool","secur","power","order","let"
"37","understand","sequel","process","pull","manag"
"38","alway","store","exampl","app","find"
"39","driver","option","session","json","line"
"40","engin","didn","busi","normal","abil"
"41","find","switch","ecosystem","window","develop"
"42","peopl","event","gcp","board","gateway"
"43","plant","everyth","littl","docker","littl"
"44","close","happen","manag","job","pretti"
"45","develop","last","drive","later","direct"
"46","exampl","registri","intellig","name","don"
"47","global","stage","anoth","project","mention"
"48","increa","stuff","area","protocol","basic"
"49","manufactur","alright","imag","without","click"
"50","possibl","code","inform","combin","queri"
"51","realli","scale","mani","imagin","search"
"52","billion","thank","peopl","log","add"
"53","interest","built","give","method","authent"
"54","local","capabl","street","mode","easi"
"55","today","piec","compani","number","provi"
"56","type","storag","let","post","tri"
"57","within","telemetri","provid","receiv","applic"
"58","yield","angular","today","relea","avail"
"59","begin","front","effici","second","ident"
"60","challeng","hardwar","excit","simul","inform"
"61","compon","librari","level","suppli","interact"
"62","deci","pick","platform","went","list"
"63","grower","second","solut","anyon","storag"
"64","improv","comput","secur","download","talk"
"65","inform","hand","tell","mean","app"
"66","music","messag","app","similar","give"
"67","predict","sampl","coupl","soon","minut"
"68","tractor","send","exact","success","locat"
"69","use","temperatur","number","adapt","session"
"70","world","analyt","obvious","blue","support"
"71","benefit","high","oper","client","uniqu"
"72","current","key","question","code","batteri"
"73","done","topic","view","compo","differ"
"74","electr","away","without","extract","doesn"
"75","gather","cost","work","half","last"
"76","never","nice","enabl","health","red"
"77","organ","pull","experi","less","traffic"
"78","provid","anyth","good","link","trigger"
"79","view","check","infrastructur","paramet","web"
"80","visual","easi","john","purpo","base"
"81","water","electron","now","subscrib","control"
"82","abl","gabe","announc","subscript","experi"
"83","advanc","mean","base","surround","good"
"84","anyth","point","becom","transform","green"
"85","autom","think","call","wait","hey"
"86","behind","updat","effect","yes","open"
"87","climat","alreadi","join","cheap","provid"
"88","contain","bigqueri","probabl","complex","question"
"89","creat","circuit","technolog","compromi","second"
"90","critic","coupl","across","demonstr","side"
"91","forward","microcontrol","vehicl","design","store"
"92","give","rate","ask","everyon","subscript"
"93","head","script","built","featur","day"
"94","human","visual","compon","feel","detail"
"95","impact","abl","day","format","edg"
"96","meet","arduino","everi","github","end"
"97","popul","heart","full","hit","flow"
"98","pressur","low","help","instal","layer"
"99","produc","made","measur","instanc","long"
"100","result","pretti","million","light","mayb"
